id,time,timemonths,vite
1,1,0,4.505450321
1,2,3,4.746964543
1,3,9,3.692383838
2,1,0,8.093859875
2,2,3,8.520268362
2,3,9,6.630570405
3,1,0,6.613108627
3,2,3,7.604797817
3,3,9,5.419265866
4,1,0,6.16938696
4,2,3,6.754089478
4,3,9,4.655967405
5,1,0,8.711130968
5,2,3,7.910057023
5,3,9,5.85984822
6,1,0,9.442844235
6,2,3,9.525233253
6,3,9,7.257084694
7,1,0,7.571863639
7,2,3,8.131718338
7,3,9,5.921093655
8,1,0,6.901783766
8,2,3,7.351479812
8,3,9,6.120534677
